SIGLA;CÓDIGO;DISCIPLINA;
ESTA012-13;EN2714;Acionamentos Elétricos;
ESZE002-13;EN3448;Acumuladores de Energia;
ESHP001-13;BH1304;Administração Municipal e Desenvolvimento Local;
ESHP002-13;BH1105;Administração Pública e Reforma do Estado em Perspectiva Comparada;
ESZS020-13;EN3219;Aeroacústica;
ESTS016-13;EN2213;Aerodinâmica I;
ESZS019-13;EN3218;Aerodinâmica II;
ESTS012-13;EN2210;Aeroelasticidade;
ESTX013-13;EN2208;Aeronautica I-A;
ESTS002-13;EN2220;Aeronáutica I-A;
ESZX003-13;EN3203;Aeronáutica I-B;
ESZS001-13;EN3229;Aeronáutica I-B;
ESZX004-13;EN3204;Aeronáutica II;
ESZS002-13;EN3230;Aeronáutica II;
MCTB001-13;BC1425;Álgebra Linear;
MCTB002-13;MC1301;Álgebra Linear Avançada I;
MCTB003-13;MC1101;Álgebra Linear Avançada II;
MCTA001-13;BC1424;Algoritmos e Estruturas de Dados I;
MCTA002-13;MC3305;Algoritmos e Estruturas de Dados II;
MCZB001-13;MC2105;Análise Complexa;
ESHR001-13;BH1150;Analise da Conjuntura Internacional Contemporânea;
ESZT001-13;CS4101;Análise da Produção do Espaço e Políticas Públicas Urbanas;
MCTA003-13;BC1435;Análise de Algoritmos;
ESZX058-13;EN3534;Análise de Balanço;
MCZA001-13;MC7103;Análise de Projeto;
ESZG001-13;EN3528;Análise de Redes de Transporte e Distribuição;
ESZE004-13;EN3450;Análise de Redes de Transporte e Distribuição de Energia;
MCZB002-13;MC2302;Análise de Regressão;
ESZC001-13;CS3202;Análise de Séries Temporais – Tópicos Especiais;
ESTA005-13;EN2706;Análise de Sistemas Dinâmicos Lineares;
ESTU001-13;EN2135;Análise de Sistemas e Modelagem Ambiental;
ESZX084-13;EN4109;Análise de Sistemas e Modelagem Ambiental;
ESTB014-13;EN2325;Análise e Controle de Sistemas Mecânicos;
ESZX023-13;EN3316;Análise e Controle de Sistemas Mecânicos;
ESHC001-13;BH1116;Análise Econômica de Projetos;
ESTX049-13;EN2421;Análise Econômica de Projetos Energéticos;
ESTE005-13;EN2423;Análise Econômica de Projetos Energéticos;
ESZE012-13;EN3461;Análise Estática em Sistemas Elétricos de Potência;
ESZS016-13;EN3235;Análise Experimental de Estruturas;
MCZB003-13;MC2303;Análise Multivariada;
MCTB004-13;MC1306;Análise no Rn I;
MCZB004-13;MC2102;Análise no Rn II;
MCZB005-13;MC2208;Análise Numérica;
NHT4001-09;NH3903;Análise Química Instrumental;
MCTB005-13;BC1421;Análise Real I;
MCTB006-13;MC1201;Análise Real II;
MCTB007-13;MC1305;Anéis e Corpos;
NHZ2001-11;NH5130;Antropologia Filosófica;
ESZX009-13;EN3214;Aplicações de Elementos Finitos para Engenharia;
ESZS012-13;EN3233;Aplicações de Elementos Finitos para Engenharia;
ESZX020-13;EN3310;Aplicações de Lasers em Ciências da Vida e Saúde Humana;
ESZI025-13;EN3630;Aplicações de Microcontroladores;
ESZI021-13;EN3626;Aplicações Multimídia em Voz, Áudio e Acústica;
MCZA002-13;MC5004;Aprendizado de Máquina;
MCTA004-13;BC1503;Arquitetura de Computadores;
MCZA003-13;MC4003;Arquitetura de Computadores de Alto Desempenho;
ESHT001-13;BH1343;Arranjos Institucionais e Marco Regulatório do Território;
ESZP011-13;CS4103;Arte, Ciência, Tecnologia e Política;
ESZX133-13;EN3303;Aspectos Humanísticos no Uso de Tecnologia na Saúde;
NHZ1001-09;NH1002;Astrobiologia;
MCZC005-13;MC8400;Atenção e Estados de Consciência;
ESZX029-13;EN3405;Automação de Sistemas Elétricos de Potência;
ESZE010-13;EN3459;Automação de Sistemas Elétricos de Potência;
ESTX077-13;EN2713;Automação de Sistemas Industriais;
ESTA011-13;EN2721;Automação de Sistemas Industriais;
ESZG028-13;EN3555;Automação em Sistemas de Manufatura;
ESZX111-13;EN3504;Automação em Sistemas Industriais;
MCZA004-13;MC6004;Avaliação de Desempenho de Redes;
ESTX004-13;EN2125;Avaliação de Impactos Ambientais;
ESTU002-13;EN2132;Avaliação de Impactos Ambientais;
ESHP003-13;BH1122;Avaliação e Monitoramento de Políticas Públicas;
ESZS004-13;EN3234;Aviônica;
MCTA005-13;MC3310;Banco de Dados;
MCZA005-13;MC5005;Banco de Dados de Apoio à Tomada de Decisão;
BCS0001-13;BC0001;Base Experimental das Ciências Naturais;
ESTB002-13;EN2319;Bases Biológicas para Engenharia I;
ESTB004-13;EN2320;Bases Biológicas para Engenharia II;
BIM0005-13;BC0005;Bases Computacionais da Ciência;
BIR0004-13;BC0004;Bases Epistemológicas da Ciência Moderna;
BIN0003-13;BC0003;Bases Matemáticas;
MCZC002-13;MC8000;Bases Neurais da Motricidade;
ESZX013-13;EN3301;Bioestatística;
ESZB001-13;EN3339;Bioestatística;
NHT1002-13;BC1604;Bioética;
NHZ1003-09;BC1308;Biofísica;
NHT1004-13;NH1703;Biologia Animal I;
NHT1005-13;NH1803;Biologia Animal II;
NHT1006-13;NH1903;Biologia Animal III;
NHT1007-13;BC1307;Biologia Celular;
NHT1052-08;BC1603;Biologia Celular e Biofísica;
NHZ1008-09;NH1003;Biologia do Desenvolvimento;
NHZ1009-09;BC1320;Biologia Molecular e Biotecnologia;
NHT1010-13;NH1702;Biologia Vegetal I;
NHT1011-13;NH1802;Biologia Vegetal II;
NHT1012-13;NH1902;Biologia Vegetal III;
ESTU023-13;BC1001;Biomas Brasileiros;
ESZX086-13;EN4111;Biomas e Gestão de Ecosistemas;
ESZM032-13;EN3830;Biomateriais;
MCZX020-13;MC2304;Biometria;
NHT4002-09;BC1318;Bioquímica;
NHT4002-13;BC1328;Bioquimica Experimental;
NHT1013-13;BC1326;Bioquímica Funcional;
ESTX034-13;EN2315;Biossegurança;
ESTB013-13;EN2324;Biossegurança;
ESZX034-13;EN3418;Biotecnologia: Produção de Combustíveis a Partir de Fontes Renováveis;
ESZM015-13;EN3814;Blendas Poliméricas e Aditivação de Polímeros;
NHZ1014-09;NH1013;Botânica Econômica;
MCTX018-13;BC1433;Cálculo Avançado;
MCTB008-13;BC1716;Cálculo de Probabilidade;
MCTB009-13;BC1419;Cálculo Numérico;
MCTB010-13;BC1418;Cálculo Vetorial e Tensorial;
ESTX036-13;EN2317;Caracterização de Biomateriais;
ESZB002-13;EN3324;Caracterização de Biomateriais;
ESTM014-13;EN2820;Caracterização de Materiais;
ESTU003-13;EN2137;Caracterização de Matrizes Ambientais;
ESTU004-13;EN2113;Cartografia e Geoprocessamento;
ESHT002-13;BH1408;Cartografia e Geoprocessamento para o Planejamento Territorial;
ESZX137-13;EN3428;Células a Combustível;
ESZE019-13;EN3409;Centrais Termoelétricas;
ESZE023-13;EN3464;Centrais Termoelétricas e Cogeração;
ESZM022-13;EN3820;Cerâmicas Especiais e Refratárias;
NHZ2002-11;NH5139;Ceticismo;
ESHP004-13;BH1107;Cidadania, Direitos e Desigualdades;
ESZU001-13;EN3121;Cidades, Globalização e Projetos Urbanos;
ESZX094-13;EN4121;Cidades, Globalização e Projetos Urbanos;
ESTM004-13;EN2810;Ciência dos Materiais;
NHZ3001-09;BC1621;Ciência na Antiguidade e Período Medieval;
ESZP012-13;CS4104;Ciência, Saúde, Educação e a Formação da Nacionalidade;
BIR0603-13;BC0603;Ciência, Tecnologia e Sociedade;
ESZU022-13;BC1106;Ciências Atmosféricas;
ESTB005-13;EN2321;Ciências dos Materiais Biocompatíveis;
ESZS009-13;EN3211;Cinemática e Dinâmica de Mecanismos;
MCTA006-13;BC1517;Circuitos Digitais;
ESTO001-13;BC1519;Circuitos Elétricos e Fotônica;
ESTA002-13;EN2703;Circuitos Elétricos I;
ESTA004-13;EN2705;Circuitos Elétricos II;
ESZA008-13;EN3707;Circuitos Hidráulicos e Pneumáticos;
NHZ1015-09;NH1004;Citogenética Básica;
ESZG017-13;EN3513;Clima e Cultura Organizacional;
ESZU024-13;EN4124;Clima Urbano;
ESTU005-13;EN2127;Climatologia;
ESZX033-13;EN3413;Cogeração;
ESTS015-13;EN2214;Combustão I;
ESZS024-13;EN3221;Combustão II;
MCTA007-13;MC3201;Compiladores;
ESZU002-13;EN3117;Compostagem;
MCZA006-13;BC1506;Computação Evolutiva e Conexionista;
MCTA008-13;BC1515;Computação Gráfica;
MCTA009-13;MC3307;Computadores, Ética e Sociedade;
ESTI007-13;EN2611;Comunicação Digital;
BCM0506-13;BC0506;Comunicação e Redes;
ESZX124-13;BC1620;Comunicação, Ciência e Tecnologia;
ESTI015-13;EN2620;Comunicações Móveis;
ESTX071-13;EN2616;Comunicações Multimídia;
ESTI012-13;EN2621;Comunicações Multimídia;
ESTI010-13;EN2614;Comunicações Ópticas;
MCZB006-13;MC2403;Conexões e Fibrados;
ESZA007-13;EN3722;Confiabilidade de Componentes e Sistemas;
ESZX047-13;EN3510;Confiabilidade Industrial;
ESZG002-13;EN3538;Confiabilidade Industrial em Sistemas de Gestão;
ESZR001-13;CS3306;Conflitos no Ciberespaço: Ativismo e Guerra nas Redes Cibernéticas;
ESHP005-13;BH1300;Conflitos Sociais;
BHP0204-13;BH0204;Conhecimento e Ética;
ESZC002-13;BH1419;Conhecimento na Economia: Abordagens e Interfaces com as Atividades de CT&I;
NHZ1016-09;BC1327;Conservação da Biodiversidade;
ESHC002-13;BH1129;Contabilidade Básica;
ESZG023-13;EN3540;Contabilidade para Engenharia;
ESZU003-13;EN3125;Contaminação e Remediação de Solos;
ESZX077-13;EN4101;Contaminação e Remediação de Solos;
ESZA021-13;EN3705;Controle Avançado de Robôs;
ESZA004-13;EN3711;Controle Discreto;
ESZA003-13;EN3710;Controle Não-Linear;
ESZA002-13;EN3709;Controle Robusto Multivariável;
NHZ4003-09;NH3202;Cosméticos e Produtos de Higiene Pessoal - Alguns Conceitos e Aplicações;
ESZX123-13;BC1619;Cultura, Democracia e Cidadania;
ESZR002-13;CS3305;Cultura, Identidade e Política na América Latina;
ESTX064-13;EN2525;Custos;
ESTG001-13;EN2532;Custos;
ESZR003-13;CS3307;De Mercosul , Unasul à Celac ;
ESHT003-13;BH1344;Demografia;
ESZR004-13;CS3308;Desafios do Pré-Sal e a Inserção Internacional do Brasil;
ESTS004-13;EN2226;Desempenho de Aeronaves;
ESZX007-13;EN3209;Desempenho de Aeronaves;
NHZ4004-09;NH3907;Desenho e Projeto em Química;
ESZU004-13;EN3113;Desenho Técnico Aplicado ao Planejamento Urbano-Ambiental;
NHI5001-13;BC1626;Desenvolvimento e Aprendizagem;
MCZC004-13;MC8002;Desenvolvimento e Degeneração do Sistema Nervoso;
BHO0102-13;BH0102;Desenvolvimento e Sustentabilidade;
ESHT004-13;BH1345;Desenvolvimento Econômico e Social no Brasil;
ESZT002-13;CS3401;Desenvolvimento Humano e Pobreza Urbana;
ESTG002-13;EN2520;Desenvolvimento Integrado do Produto;
ESHC003-13;BH1140;Desenvolvimento Socioeconômico;
ESZM006-13;EN3806;Design de Dispositivos;
ESZP001-13;BH1313;Desigualdades Regionais e Formação Sócio-Espacial do Brasil;
ESZM009-13;EN3809;Diagramas de Fase;
NHI5002-13;BC1627;Didática;
ESZS027-13;EN3224;Dinâmica de Fluidos Computacional;
ESZR005-13;CS3303;Dinâmica dos Investimentos Produtivos Internacionais;
ESTS005-13;EN2219;Dinâmica e Controle de Veículos Espaciais;
ESZR006-13;CS3309;Dinâmica e Desafios dos Processos Migratórios ;
ESTX009-13;EN2204;Dinâmica I;
ESTS001-13;EN2223;Dinâmica I;
ESTX010-13;EN2205;Dinâmica II;
ESZS006-13;EN3237;Dinâmica II;
ESZM008-13;EN3808;Dinâmica Molecular e Monte Carlo;
NHZ3002-13;NH2042;Dinâmica Não-Linear e Caos;
ESZS007-13;EN3202;Dinâmica Orbital;
ESZP013-13;CS4105;Dinâmicas Sócio-Espaciais do ABC Paulista;
ESZX122-13;BC1618;Dinâmicas Territoriais no Brasil;
ESTX089-13;EN2112;Direito Ambiental e Urbanístico;
ESZX052-13;EN3518;Direito Aplicado à Gestão (Empresarial);
ESHR002-13;BH1151;Direito Internacional Público ;
ESTA001-13;EN2719;Dispositivos Eletrônicos;
ESZP014-13;CS4106;Diversidade Cultural, Conhecimento Local e Políticas Públicas;
NHZ1017-09;NH1005;Ecologia Animal;
ESTX005-13;EN2128;Ecologia do Ambiente Antropizado;
ESZU005-13;EN3124;Ecologia do Ambiente Antropizado;
NHZ1018-09;NH1006;Ecologia Vegetal;
ESHC004-13;BH1110;Econometria I;
ESHC005-13;BH1114;Econometria II;
ESHC006-13;BH1136;Econometria III;
ESHC007-13;BH1109;Economia Brasileira Contemporânea I;
ESHC008-13;BH1113;Economia Brasileira Contemporânea II;
ESHC009-13;BH1137;Economia Brasileira Contemporânea III;
ESTX048-13;EN2418;Economia da Energia;
ESTE003-13;EN2424;Economia da Energia;
ESZP015-13;CS4107;Economia da Inovação Tecnológica;
ESTX065-13;EN2526;Economia de Empresas;
ESTG003-13;EN2533;Economia de Empresas;
ESZE046-13;EN3444;Economia de Reatores Nucleares;
ESZE057-13;EN4411;Economia do Petróleo e do Gás Natural;
ESZC003-13;BH1158;Economia do Setor Público;
ESHT005-13;BH1346;Economia do Território;
ESZC004-13;BH1119;Economia do Trabalho;
ESZC005-13;CS3203;Economia e Instituições no Brasil Contemporâneo;
ESHC010-13;BH1120;Economia e Meio Ambiente;
ESZX132-13;EN4122;Economia e Sociologia Urbana;
ESHC011-13;BH1111;Economia Industrial;
ESHC012-13;BH1117;Economia Institucional I;
ESZC006-13;BH1118;Economia Institucional II ;
ESHC013-13;BH1112;Economia Internacional I;
ESHC014-13;BH1115;Economia Internacional II;
ESHC015-13;BH1139;Economia Monetária;
ESHR003-13;BH1152;Economia Política da Segurança Alimentar Global;
ESHR004-13;BH1331;Economia Política Internacional da Energia;
ESZC007-13;BH1334;Economia Regional e Sociedade;
ESZP016-13;CS4108;Economia Solidária, Associativismo e Cooperativismo;
ESHT006-13;BH1157;Economia Urbana;
ESZU006-13;EN3105;Economia, Sociedade e Meio Ambiente;
ESZX080-13;EN4105;Economia, Sociedade e Meio Ambiente;
ESZX079-13;EN4104;Ecossistemas Terrestres, Aquáticos e Interfaces;
NHZ5003-09;NH4105;Educação à Distância e Novas Tecnologias;
ESZU025-13;BC1630;Educação Ambiental;
ESZX090-13;EN4117;Educação Ambiental;
NHT5004-13;BC1602;Educação Científica, Sociedade e Cultura;
NHZ3003-09;NH2242;Efeitos Biológicos das Radiações;
ESTX022-13;EN2303;Efeitos Biológicos das Radiações Não Ionizantes;
ESZX055-13;EN3530;Eficiência Energética;
ESTG004-13;EN2521;Elaboração, Análise e Avaliação de Projetos;
ESZP017-13;CS4109;Elementos de Ciência Política;
MCZB007-13;MC2204;Elementos Finitos;
ESZM007-13;EN3807;Elementos Finitos Aplicados em Materiais;
ESZE049-13;EN3425;Eletrificação Rural com Recursos Energéticos Renováveis;
NHT4005-13;NH3101;Eletroanalítica e Técnicas de Separação;
ESTA007-13;EN2720;Eletrônica Analógica Aplicada;
ESTX076-13;EN2709;Eletrônica Aplicada;
ESZA011-13;EN3712;Eletrônica de Potência I;
ESZA012-13;EN3713;Eletrônica de Potência II;
ESTI002-13;EN2605;Eletrônica Digital;
NHT4006-13;NH3905;Eletroquímica e Cinética Química;
ESZG013-13;EN3535;Empreendedorismo;
MCZA007-13;MC3103;Empreendedorismo e Desenvolvimento de Negócios;
ESZT003-13;CS3408;Energia e Abastecimento;
NHZ5005-09;BC1202;Energia e Meio Ambiente;
ESZR007-13;CS3310;Energia Nuclear e Relações Internacionais;
ESTX046-13;EN2416;Energia, Meio Ambiente e Sociedade;
ESTE004-13;EN2425;Energia, Meio Ambiente e Sociedade;
ESZX087-13;EN4113;Energia, Sociedade e Desenvolvimento;
ESTX045-13;EN2415;Energia: Fontes e Tecnologias de Conversão;
ESZE001-13;EN3462;Energia: Fontes e Tecnologias de Conversão;
BIJ0207-13;BC0207;Energia: Origens, Conversão e Uso;
ESTX025-13;EN2306;Engenharia Aplicada a Sistemas Biológicos I;
ESTX023-13;EN2304;Engenharia Aplicada a Sistemas Biológicos II;
ESZX024-13;EN3321;Engenharia Clínica I;
ESZB018-13;EN3340;Engenharia Clínica I;
ESZB019-13;EN3322;Engenharia Clínica II;
ESZE033-13;EN3476;Engenharia de Biocombustíveis I;
ESZE034-13;EN3477;Engenharia de Biocombustíveis II;
ESZM019-13;EN3817;Engenharia de Cerâmicas;
ESZE058-13;EN4412;Engenharia de Completação;
ESZM029-13;EN3827;Engenharia de Filmes Finos;
ESTX055-13;EN2506;Engenharia de Gestão - Visão Geral;
ESZM024-13;EN3822;Engenharia de Metais;
ESZE059-13;EN4413;Engenharia de Perfuração;
ESZM014-13;EN3813;Engenharia de Polímeros;
ESTX032-13;EN2313;Engenharia de Reabilitação e Biofeedback;
ESTB011-13;EN2328;Engenharia de Reabilitação e Biofeedback;
ESZE060-13;EN4414;Engenharia de Reservatórios I;
ESZE061-13;EN4415;Engenharia de Reservatórios II;
ESZI026-13;EN3631;Engenharia de Sistemas de Comunicação e Missão Crítica;
ESZE051-13;EN3427;Engenharia de Sistemas Eólicos;
ESZE050-13;EN3426;Engenharia de Sistemas Fotovoltaicos;
ESZE053-13;EN3431;Engenharia de Sistemas Solares Térmicos;
MCTA010-13;BC1508;Engenharia de Software;
ESZB006-13;EN3327;Engenharia de Tecidos;
ESZX018-13;EN3307;Engenharia de Tecidos e Órgãos Artificiais;
ESTX104-13;BC1711;Engenharia Econômica;
ESTO002-13;BC1713;Engenharia Econômica;
ESTX066-13;EN2527;Engenharia Econômica Aplicada à Engenharia de Gestão;
ESTG005-13;EN2535;Engenharia Econômica aplicada a Sistemas de Gestão;
ESZG031-13;EN3524;Engenharia Humana;
ESTG006-13;EN2522;Engenharia Laboral;
ESTG007-13;EN2510;Engenharia Logística;
ESZA018-13;EN3724;Engenharia Óptica e Imagens;
ESZE047-13;EN3445;Engenharia Unificada (Engenharia Nuclear);
ESTO900-13;EN1002;Engenharia Unificada I;
ESTO901-13;EN1004;Engenharia Unificada II;
ESZP018-13;CS4110;Ensino Superior no Brasil: Trajetórias e Modelos Institucionais;
MCTB011-13;BC1427;Equações Diferenciais Ordinárias;
MCTB012-13;MC1307;Equações Diferenciais Parciais;
ESTX033-13;EN2314;Equipamentos Médico-Hospitalares;
ESTB012-13;EN2329;Equipamentos Médico-Hospitalares;
ESZB013-13;EN3332;Ergonomia;
MCZC007-13;MC8108;Ergonomia Cognitiva;
ESTX020-13;EN2218;Escoamento Compressível;
ESZE062-13;EN4416;Escoamento Multifásico de Petróleo;
NHT4007-13;BC1107;Espectroscopia;
ESZX019-13;EN3309;Espectroscopia Óptica em Sistemas Biológicos;
ESTS007-13;EN2232;Estabilidade e Controle de Aeronaves;
ESZX005-13;EN3205;Estabilidade e Controle de Aeronaves;
ESHR005-13;BH1123;Estado e Desenvolvimento Econômico no Brasil Contemporâneo;
BHO0101-13;BH0101;Estado e Relações de Poder;
ESHP006-13;BH1124;Estado e Sociedade Civil Organizada;
ESTM001-13;EN2802;Estado Sólido;
ESTS900-13;EN1201;Estágio Curricular I em Engenharia Aeroespacial;
ESTU900-13;EN1101;Estágio Curricular I em Engenharia Ambiental e Urbana;
ESTB900-13;EN1301;Estágio Curricular I em Engenharia Biomédica;
ESTE900-13;EN1401;Estágio Curricular I em Engenharia de Energia;
ESTG900-13;EN1501;Estágio Curricular I em Engenharia de Gestão;
ESTI900-13;EN1601;Estágio Curricular I em Engenharia de Informação;
ESTA900-13;EN1701;Estágio Curricular I em Engenharia de Instrumentação, Automação e Robótica;
ESTM900-13;EN1801;Estágio Curricular I em Engenharia de Materiais;
ESTS901-13;EN1202;Estágio Curricular II em Engenharia Aeroespacial;
ESTU901-13;EN1102;Estágio Curricular II em Engenharia Ambiental e Urbana;
ESTB901-13;EN1302;Estágio Curricular II em Engenharia Biomédica;
ESTE901-13;EN1402;Estágio Curricular II em Engenharia de Energia;
ESTG901-13;EN1502;Estágio Curricular II em Engenharia de Gestão;
ESTI901-13;EN1602;Estágio Curricular II em Engenharia de Informação;
ESTA901-13;EN1702;Estágio Curricular II em Engenharia de Instrumentação, Automação e Robótica;
ESTM901-13;EN1802;Estágio Curricular II em Engenharia de Materiais;
ESTX098-13;EN1005;Estágio Orientado I;
ESTX099-13;EN1006;Estágio Orientado II;
NHT1020-13;NH4151;Estágio Supervisionado em Biologia I (Nível Médio);
NHT1021-13;NH4251;Estágio Supervisionado em Biologia II (Nível Médio);
NHT1022-13;NH4351;Estágio Supervisionado em Biologia III (Nível Médio);
NHT1023-13;NH1910;Estágio Supervisionado em Ciências Biológicas;
MCTA011-13;MC7110;Estágio Supervisionado em Computação I;
MCTA012-13;MC7111;Estágio Supervisionado em Computação II;
MCTA013-13;MC7112;Estágio Supervisionado em Computação III;
NHH2003-13;NH4508;Estágio Supervisionado em Filosofia I;
NHH2004-13;NH4509;Estágio Supervisionado em Filosofia II;
NHH2081-13;NH4510;Estágio Supervisionado em Filosofia III;
NHH2005-13;NH4511;Estágio Supervisionado em Filosofia IV;
NHH2006-13;NH4512;Estágio Supervisionado em Filosofia V;
NHT3004-13;NH4152;Estágio Supervisionado em Física I (Nível Médio);
NHT3005-13;NH4252;Estágio Supervisionado em Física II (Nível Médio);
NHT3006-13;NH4352;Estágio Supervisionado em Física III (Nível Médio);
MCTD001-13;MC8150;Estágio Supervisionado em Matemática I (Nível Médio);
MCTD002-13;MC8250;Estágio Supervisionado em Matemática II (Nível Médio);
MCTD003-13;MC8350;Estágio Supervisionado em Matemática III (Nível Médio);
NHT4008-13;NH4153;Estágio Supervisionado em Química I (Nível Médio);
NHT4009-13;NH4253;Estágio Supervisionado em Química II (Nível Médio);
NHT4010-13;NH4353;Estágio Supervisionado em Química III (Nível Médio);
NHT4011-13;NH3910;Estágio Supervisionado I - Bacharelado em Química;
NHT5006-13;BC1628;Estágio Supervisionado I (Nível Fundamental);
NHT4012-13;NH3911;Estágio Supervisionado II - Bacharelado em Química;
NHT5007-13;BC1629;Estágio Supervisionado II (Nível Fundamental);
ESTG011-13;EN2534;Estatística aplicada a Sistemas de Gestão;
NHH2007-13;BH1205;Estética;
NHH2008-13;BH1214;Estética: Perspectivas Contemporâneas;
ESZG018-13;EN3519;Estratégias de Comunicação Organizacional;
NHZ3007-09;NH3901;Estrutura Atômica e Molecular;
BIK0102-13;BC0102;Estrutura da Matéria;
NHZ4013-09;NH3803;Estrutura da Matéria Avançada;
MCZX021-13;BC1430;Estrutura de Dados I;
BIQ0602-13;BC0602;Estrutura e Dinâmica Social;
ESZX041-13;EN3446;Estrutura e Organização do Setor Energético;
MCZX001-13;MC7116;Estudo Dirigido em Computação I;
MCZX002-13;MC7117;Estudo Dirigido em Computação II;
MCZX003-13;MC7118;Estudo Dirigido em Computação III;
ESHT007-13;BH1347;Estudos do Meio Físico;
NHH2009-13;BH1203;Ética;
ESZX051-13;EN3517;Ética e Responsabilidade Social;
NHZ4014-09;BC1610;Ética Profissional;
NHH2010-13;BH1204;Ética: perspectivas contemporâneas;
NHZ1024-09;NH1007;Etnofarmacologia;
NHT1025-13;BC1329;Evolução;
NHZ3008-09;NH2431;Evolução da Fìsica;
MCTB013-13;BC1438;Evolução dos Conceitos Matemáticos;
NHZ1026-09;NH1011;Evolução Molecular;
NHZ2011-11;NH5111;Existencialismo;
NHT4015-13;NH3109;Experimentação e Ensino de Química;
NHT3027-08;NH2601;Experimentos de Física Básica;
MCTB014-13;MC2108;Extensões Algébricas;
NHZ1027-09;NH1008;Farmacologia;
ESHP007-13;BH1126;Federalismo e Políticas Públicas;
NHH2012-13;BH1201;Fenomenologia e Filosofia Hermenêutica ;
BCJ0209-13;BC0209;Fenômenos Eletromagnéticos;
BCJ0208-13;BC0208;Fenômenos Mecânicos;
NHT3009-13;BC1317;Fenômenos Ondulatórios;
BCJ0205-13;BC0205;Fenômenos Térmicos;
NHZ2013-11;NH5113;Filosofia Brasileira: História e Problemas;
NHZ2014-11;NH5104;Filosofia da Ciência Pós-kuhniana;
NHH2015-13;BH1400;Filosofia da Ciência: em torno à concepção ortodoxa;
NHH2016-13;BH1401;Filosofia da Ciência: o debate Popper-Kuhn e seus desdobramentos ;
NHH2017-13;BH1209;Filosofia da Educação;
NHZ2018-11;NH4514;Filosofia da Educação: perspectivas contemporâneas ;
NHH2019-13;BH1206;Filosofia da Linguagem;
NHH2020-13;BH1207;Filosofia da Lógica;
NHZ2021-11;NH5121;Filosofia da Mente;
NHZ2022-11;NH5102;Filosofia da Natureza, Mecanicismo e Cosmologia;
NHI5010-13;BC1609;Filosofia da Religião;
NHH2023-13;BH1221;Filosofia do Ensino de Filosofia;
NHZ2024-11;NH5103;Filosofia Experimental e Mecanicismo;
NHZ2025-11;NH5114;Filosofia Latino-Americana: História e Problemas;
NHZ2080-11;BH2201;Filosofia Moderna (Ciência em Descartes);
NHH2026-13;BH1216;Filosofia no Brasil e na América Latina;
NHZ2027-11;NH4513;Filosofia no Ensino Fundamental ;
NHH2028-13;BH1218;Filosofia Política;
NHH2029-13;BH1208;Filosofia Política: perspectivas contemporâneas;
ESZI002-13;EN3604;Filtragem Adaptativa;
ESHC016-13;BH1138;Finanças Corporativas;
ESZC008-13;CS3205;Finanças I (Apreçamento de Ativos);
ESZC009-13;CS3206;Finanças II (Apreçamento de Ativos);
ESHC017-13;BH1106;Finanças Públicas;
ESZG025-13;EN3541;Finanças, Gestão e Administração Financeira;
NHZ3010-09;NH2043;Física Computacional;
ESZE040-13;EN3438;Física de Reatores Nucleares I;
ESZE041-13;EN3440;Física de Reatores Nucleares II;
NHZ3011-09;NH2231;Física de Semicondutores;
NHT3012-13;BC1319;Física do Contínuo;
ESZX021-13;EN3314;Física do Corpo Humano;
BCK0103-13;BC0103;Física Quântica;
NHT3013-13;NH4198;Física Térmica;
NHT4016-13;NH3004;Físico-Química Experimental;
NHZ3014-09;NH2031;Fluidos Quânticos;
ESTE002-13;EN2420;Fontes Não-Renováveis de Energia;
ESTE001-13;EN2419;Fontes Renováveis de Energia;
ESZP019-13;CS4111;Formação das Políticas e do Sistema de Saúde no Brasil;
ESZP020-13;CS4112;Formação das Políticas Educacionais no Brasil;
ESZX121-13;BC1617;Formação do Brasil Contemporâneo;
ESHC018-13;BH1131;Formação Econômica do Brasil;
ESHR006-13;BH1332;Formação Histórica da America Latina ;
ESHP008-13;BH1302;Formação Histórica do Brasil;
ESZP021-13;CS4113;Formação Política do Brasil;
MCZB008-13;MC2402;Formas Diferenciais;
ESTA006-13;EN2708;Fotônica;
NHT3015-13;BC1417;Funções Complexas e Transformadas Integrais;
BCN0402-13;BC0402;Funções de Uma Variável;
BCN0407-13;BC0407;Funções de Várias Variáveis;
MCTB015-13;MC1102;Funções de Variáveis Complexas;
NHT4017-13;NH3601;Funções e Reações Orgânicas;
NHT3016-13;BC1420;Funções Especiais;
ESZX120-13;BC1616;Fundamentos da Economia;
NHT3017-13;NH2802;Fundamentos da Eletrodinâmica;
NHT3018-13;NH2801;Fundamentos da Eletrostática;
NHZ2030-11;NH5124;Fundamentos da Lógica Modal;
NHZ3019-09;NH2021;Fundamentos da Mecânica dos Fluidos;
NHZ3020-09;NH2133;Fundamentos da Relatividade Geral;
MCTD005-13;MC8102;Fundamentos de Álgebra;
MCTD006-13;MC8303;Fundamentos de Análise;
ESZX063-13;EN3614;Fundamentos de Computação Gráfica;
ESTO003-13;BC1416;Fundamentos de Desenho e Projeto;
ESZU007-13;EN3122;Fundamentos de Economia e Sociologia Urbana;
ESTX073-13;EN2701;Fundamentos de Eletrônica;
ESZX125-13;BC1316;Fundamentos de Geologia;
ESTU022-13;BC1332;Fundamentos de Geologia para Engenharia;
MCTD007-13;MC8304;Fundamentos de Geometria;
ESTE006-13;EN2405;Fundamentos de Máquinas Elétricas;
ESZI017-13;EN3622;Fundamentos de Processamento Gráfico;
ESTA013-13;EN2715;Fundamentos de Robótica;
NHT1028-13;BC1315;Genética Geral;
NHT1029-13;BC1323;Genética Molecular;
ESHR007-13;BH1333;Geografia Política;
NHT1030-13;NH1603;Geologia e Paleontologia;
BCN0404-13;BC0404;Geometria Analítica;
MCTB016-13;MC1302;Geometria Diferencial I;
MCTB017-13;MC2103;Geometria Diferencial II;
MCZB009-13;MC2114;Geometria Não Euclidiana;
MCTD009-13;MC8310;Geometria Plana e Construções Geométricas;
ESZU008-13;EN3108;Geomorfologia Descritiva;
ESZX083-13;EN4108;Geomorfologia Descritiva;
ESTX090-13;EN2114;Geotecnia;
ESTU006-13;EN2134;Geotecnia;
ESZU009-13;EN3114;Geotecnia Aplicada ao Planejamento Urbano-Ambiental;
ESZX088-13;EN4114;Geotecnia Aplicada ao Planejamento Urbano-Ambiental;
ESZE052-13;EN3430;Geração Distribuída;
ESZX031-13;EN3411;Geração e Distribuição de Vapor;
ESZE021-13;EN3468;Geração e Distribuição de Vapor;
ESTG008-13;EN2528;Gerência de Ativos;
ESTX059-13;EN2517;Gerência de Ativos Tangíveis e Intangíveis;
ESZI007-13;EN3610;Gerenciamento e Interoperabilidade de Redes;
ESZU010-13;EN3115;Gestão Ambiental na Indústria;
ESZX089-13;EN4115;Gestão Ambiental na Indústria;
ESZG014-13;EN3542;Gestão da Inovação;
ESZG009-13;EN3543;Gestão da Qualidade, Segurança, Saúde e Ambiental aplicada em Projetos;
ESZG024-13;EN3539;Gestão de Custos Avançada;
ESTG009-13;EN2511;Gestão de Operações;
ESZX050-13;EN3516;Gestão de Pessoas;
ESZP022-13;CS4114;Gestão de Projetos Culturais;
ESTX063-13;EN2524;Gestão de Recursos Energéticos e Ambientais;
ESZX114-13;EN4112;Gestão de Recursos Hídricos;
ESZG026-13;EN3544;Gestão de Riscos em Sistemas de Gestão;
ESZG019-13;EN3545;Gestão Estratégica e Organizacional;
ESZU011-13;EN3118;Gestão Urbano-Ambiental;
ESZX091-13;EN4118;Gestão Urbano-Ambiental;
ESHR008-13;BH1153;Globalização e os Processos de Integração Regional;
ESHT008-13;BH1159;Governança Pública, Democracia e Políticas no Território;
ESHP009-13;BH1103;Governo, Burocracia e Administração Pública;
MCZB010-13;MC2401;Grupo Fundamental e Espaço de Recobrimento;
MCTB018-13;MC1304;Grupos;
MCZB011-13;MC2209;Grupos de Lie e Simetrias;
ESTX091-13;EN2116;Habitação e Assentamentos Humanos;
ESTU007-13;EN2133;Habitação e Assentamentos Humanos;
ESZT004-13;CS3409;Habitação e Assentamentos Precários;
ESTX088-13;EN2108;Hidráulica;
ESTU008-13;EN2130;Hidráulica;
ESZE048-13;EN3478;Hidrogênio e Células a Combustível;
ESTU009-13;EN2109;Hidrologia;
NHZ2031-11;NH5129;História da Astronomia;
ESHT009-13;BH1348;História da Cidade e do Urbanismo;
NHZ5008-09;NH4106;História da Ciência e Ensino;
NHH2032-13;BH1311;História da Filosofia Antiga: Aristóteles e o aristotelismo;
NHH2033-13;BH1308;História da Filosofia Antiga: Platão e o platonismo;
NHH2034-13;BH1307;História da Filosofia Contemporânea: o Século XIX;
NHH2035-13;BH1312;História da Filosofia Contemporânea: o Século XX;
NHZ2036-11;NH5107;História da Filosofia da Antiguidade Tardia;
NHZ2037-11;NH5108;História da Filosofia Medieval: Escolas Franciscanas e Nominalismo;
NHH2038-13;BH1309;História da Filosofia Medieval: Patrística e Escolástica;
NHZ2039-11;NH5109;História da Filosofia Moderna: o Idealismo alemão;
NHH2040-13;BH1310;História da Filosofia Moderna: o Iluminismo e seus desdobramentos;
NHH2041-13;BH1306;História da Filosofia Moderna: perspectivas racionalistas;
NHZ2042-11;NH5126;História da Linguagem;
MCTD010-13;MC8311;História da Matemática;
NHZ2043-11;NH5131;História da Sociedade Contemporânea;
NHZ2044-11;NH5105;História das Ciências no Brasil;
NHZ1031-09;NH1009;História das Idéias Biológicas;
ESHR009-13;BH1335;História das Relações Internacionais;
ESZR008-13;CS3302;História de Atuação do Brasil nos Processos de Integração Sul-Americana;
ESHC019-13;BH1301;História do Pensamento Econômico;
ESZU012-13;EN3106;História do Urbanismo;
ESZX081-13;EN4106;História do Urbanismo;
ESHR010-13;BH1336;História e Análise da Política Externa Brasileira;
NHZ2045-11;NH5101;História e Filosofia da Ciência;
ESHC020-13;BH1303;História Econômica Geral;
NHZ2046-11;NH5127;História Social da Tecnologia na América Latina;
NHH2047-13;BH1404;Historiografia e História das Ciências;
BHQ0302-13;BH0302;Identidade e Cultura;
ESZE063-13;EN4417;Impacto Ambiental e Social na Cadeia de Produção de Petróleo;
NHZ1032-09;NH1010;Imunologia;
ESHP010-13;BH1141;Indicadores de Políticas Públicas;
MCZB012-13;MC2308;Inferência Estatística;
ESZI001-13;EN3601;Informação e Sociedade;
ESZT005-13;CS3406;Informática Aplicada ao Planejamento Territorial;
ESZI013-13;EN3618;Informática Industrial;
ESZX106-13;EN3319;Informática Médica;
ESZX129-13;BC2001;Iniciação à Pesquisa Científica I;
ESZX130-13;BC2002;Iniciação à Pesquisa Científica II;
ESZX131-13;BC2003;Iniciação à Pesquisa Científica III;
ESZP023-13;CS4115;Inovação e Desenvolvimento Agroindustrial;
ESHP011-13;BH1405;Inovação nos Serviços Públicos;
ESTG010-13;EN2514;Inovação Tecnológica;
ESTE008-13;EN2403;Instalações Elétricas I;
ESZE011-13;EN3406;Instalações Elétricas II;
ESTX035-13;EN2316;Instalações Hospitalares;
ESZB020-13;EN3336;Instalações Hospitalares;
ESZC010-13;CS3204;Instituições e Governança Global;
ESZP002-13;CS3106;Instituições Judiciais e Políticas Públicas;
ESZP024-13;CS4116;Instituições Políticas, Regulação e Governança na Área Energética;
ESTX021-13;EN2302;Instrumentação Biomédica;
ESTB003-13;EN2330;Instrumentação Biomédica;
ESTX026-13;EN2307;Instrumentação Biomédica Avançada;
ESTB006-13;EN2331;Instrumentação Biomédica Avançada;
ESTO004-13;BC1507;Instrumentação e Controle;
ESZA013-13;EN3714;Instrumentação e Metrologia Óptica;
ESZS003-13;EN3206;Instrumentação e Sensores em Veículos Aeroespaciais;
ESZE025-13;EN3472;Integração e Otimização Energética de Processos;
ESZX109-13;EN3414;Integração e Otimização Energética de Processos;
MCTA014-13;MC3311;Inteligência Artificial;
ESZA022-13;EN3725;Inteligência Artificial em Robótica;
ESZS017-13;EN3217;Interação Fluido-Estrutura;
BCK0104-13;BC0104;Interações Atômicas e Moleculares;
NHZ3021-09;NH2141;Interações da Radiação com a Matéria;
MCZA008-13;MC7104;Interface Humano-Máquina;
NHZ2048-11;NH5115;Interposições da Linguagem à Filosofia Contemporânea;
ESTX056-13;EN2507;Introdução à Administração;
ESZP003-13;BH1144;Introdução à Análise Custo-Benefício de Políticas Públicas;
MCZB013-13;MC2306;Introdução à Análise Estocástica em Finanças;
MCZB014-13;MC2113;Introdução à Análise Funcional;
NHZ3022-09;NH2047;Introdução à Astrofísica;
ESTS003-13;EN2222;Introdução à Astronáutica;
ESZX008-13;EN3212;Introdução à Astronáutica;
ESZX117-13;BC1708;Introdução à Bioengenharia;
ESZB007-13;EN3328;Introdução à Biofotônica e Óptica Biomédica;
ESZB022-13;BC1439;Introdução à Bioinformática;
ESZX016-13;EN3305;Introdução à Biotecnologia;
ESZB005-13;EN3337;Introdução à Biotecnologia;
NHZ3023-09;NH2046;Introdução à Cosmologia;
MCZB015-13;MC1715;Introdução à Criptografia;
MCZX012-13;BC1514;Introdução à Criptografia ;
NHZ4019-09;NH6601;Introdução à Ecologia;
ESHC021-13;BH1101;Introdução à Economia;
ESZB021-13;BC1712;Introdução à Engenharia Biomédica;
ESZE032-13;EN3475;Introdução à Engenharia de Biocombustíveis;
ESZE054-13;EN3432;Introdução à Engenharia do Petróleo I;
ESZE055-13;EN3433;Introdução à Engenharia do Petróleo II;
ESZX040-13;EN3435;Introdução à Engenharia Nuclear;
ESZE037-13;EN3453;Introdução à Engenharia Nuclear;
MCZB016-13;MC2310;Introdução à Estatística Bayesiana;
NHZ5009-09;BC1614;Introdução à Filosofia da Ciência;
MCTC001-13;MC8401;Introdução à Filosofia da Mente;
NHZ3024-09;NH2201;Introdução à Física de Partículas Elementares;
NHT3025-13;BC1313;Introdução à Física Médica;
ESTB017-13;BC1334;Introdução à Física Médica;
NHZ3026-09;BC1203;Introdução à Física Nuclear;
ESTX002-13;EN2122;Introdução à Geologia de Engenharia;
MCTC014-13;BC1415;Introdução à Inferência Estatística;
NHZ2079-08;NH1110;Introdução à Lógica;
ESTX024-13;EN2305;Introdução a Materiais Biocompatíveis;
MCZB018-13;BC1414;Introdução à Modelagem e Processos Estocásticos;
MCTC002-13;BC1008;Introdução à Neurociência;
MCTC003-13;BC1004;Introdução à Neurociência Computacional;
BIN0406-13;BC0406;Introdução à Probabilidade e à Estatística;
NHZ4020-09;NH3204;Introdução a Processos Industriais Biotecnológicos;
ESZP025-13;CS4117;Introdução à Prospecção Tecnológica;
MCZC003-13;MC8106;Introdução à Psicolinguística;
NHZ4021-09;NH3906;Introdução à Química Verde e Química Sustentável;
ESZB014-13;EN3333;Introdução à Robótica;
NHZ4022-09;NH3203;Introdução à Tecnologia do Petróleo;
ESHP012-13;BH1127;Introdução ao Direito Administrativo;
ESHP013-13;BH1125;Introdução ao Direito Constitucional;
ESHR011-13;BH1228;Introdução ao Estudo do Direito ;
ESZI015-13;EN3620;Introdução ao Processamento de Sinais de Voz, Áudio e Acústicos;
ESTA015-13;EN2717;Introdução aos Processos de Fabricação;
ESTG017-13;EN2536;Introdução aos Processos de Fabricação Metal-Mecânico;
MCZB019-13;MC2312;Introdução aos Processos Pontuais;
ESTX017-13;EN2215;Introdução aos Sistemas de Propulsão;
MCZB020-13;MC2107;Introdução aos Sistemas Dinâmicos;
ESTX040-13;EN2406;Introdução aos Sistemas Elétricos de Potência;
ESTE007-13;EN2422;Introdução aos Sistemas Elétricos de Potência;
MCZB021-13;MC2400;Introdução às Curvas Algébricas;
ESTO005-13;BC1710;Introdução às Engenharias;
BCN0405-13;BC0405;Introdução às Equações Diferenciais Ordinárias;
ESHP014-13;BH1100;Introdução às Políticas Públicas;
ESZS014-13;EN3201;Introdução às Vibrações Não Lineares;
ESZX054-13;EN3526;Jogos de Empresas;
ESZI012-13;EN3617;Jogos Digitais: Aspectos Técnicos e Aplicações;
ESZB015-13;EN3318;Laboratório de Bioinformática;
MCZA010-13;MC7113;Laboratório de Engenharia de Software;
NHT3027-13;BC1312;Laboratório de Física Básica I;
NHT3028-13;BC1314;Laboratório de Física Básica II;
NHZ3029-13;BC1311;Laboratório de Física Médica;
NHT3030-13;NH2704;Laboratório de Física Moderna;
ESTX012-13;EN2207;Laboratório de Guiagem, Navegação e Controle;
ESTS006-13;EN2231;Laboratório de Guiagem, Navegação e Controle;
ESZE039-13;EN3437;Laboratório de Instrumentação Nuclear e Radioproteção;
NHZ3031-09;NH2230;Laboratório de Propriedades Físicas de Materiais;
MCZA011-13;MC6002;Laboratório de Redes;
MCZA012-13;MC7301;Laboratório de Sistemas Operacionais;
NHZ3032-09;NH2039;Lasers e Óptica Moderna;
ESTX031-13;EN2312;Legislação Relacionada à Saúde;
ESTB010-13;EN2323;Legislação Relacionada à Saúde;
NHI5010-13;BC1607;LIBRAS;
NHT4023-13;BC1310;Ligações Químicas;
BCN0001-06;BC0501;Linguagens de Programação;
MCTA015-13;MC3106;Linguagens Formais e Autômata;
NHI2049-13;BC1426;Lógica Básica ;
NHI2049-08;BC1502;Lógica Computacional;
NHZ2050-11;NH5138;Lógica e os Fundamentos da Matemática;
ESZG003-13;EN3546;Lógica em Sistemas de Gestão;
ESZA017-13;EN3723;Lógica Programável;
MCZA013-13;MC5002;Lógicas Não Clássicas;
ESZU013-13;EN3111;Logística e Meio Ambiente;
ESZX056-13;EN3531;Macroeconomia;
ESHC022-13;BH1132;Macroeconomia I;
ESHC023-13;BH1134;Macroeconomia II;
ESHC024-13;BH1135;Macroeconomia III;
ESZG029-13;EN3502;Manufatura Integrada por Computador;
ESTX018-13;EN2216;Máquinas de Fluxo;
ESZS025-13;EN3239;Máquinas de Fluxo;
ESTA009-13;EN2711;Máquinas Elétricas;
ESZE022-13;EN3469;Máquinas Térmicas;
MCTB019-13;BC1520;Matemática Discreta;
ESTM007-13;EN2813;Materiais Cerâmicos;
ESTM008-13;EN2814;Materiais Compósitos;
ESTS009-13;EN2230;Materiais Compósitos e Aplicações Estruturais;
ESTO006-13;BC1105;Materiais e Suas Propriedades;
ESTM005-13;EN2811;Materiais Metálicos;
ESZM030-13;EN3828;Materiais Nanoestruturados;
ESZM027-13;EN3825;Materiais para Energia e Ambiente;
ESZM028-13;EN3826;Materiais para Tecnologia da Informação;
ESTM006-13;EN2812;Materiais Poliméricos;
ESZM021-13;EN3819;Matérias Primas Cerâmicas;
NHT3033-13;NH2803;Mecânica Analítica I;
NHZ3034-09;NH2903;Mecânica Analítica II;
NHT3035-13;NH2703;Mecânica Clássica;
NHT3035-08;NH2602;Mecânica Clássica I;
NHT3033-08;NH2702;Mecânica Clássica II;
ESTS014-13;EN2228;Mecânica dos Fluidos Avançada;
ESTO007-13;BC1103;Mecânica dos Fluidos I;
ESTE011-13;EN2412;Mecânica dos Fluidos II;
ESTX019-13;EN2217;Mecânica dos Fluidos Viscosos;
ESTO008-13;BC1104;Mecânica dos Sólidos I;
ESZS018-13;EN3238;Mecânica dos Sólidos II;
NHT3036-13;NH2902;Mecânica Estatística;
NHT3037-13;NH4297;Mecânica Geral;
NHT3009-08;NH0310;Mecânica Ondulatória;
NHT3038-13;NH2805;Mecânica Quântica;
NHZ3039-09;NH2901;Mecânica Quântica Avançada;
NHT4024-13;NH3701;Mecanismos de Reações Orgânicas;
ESHP015-13;BH1104;Meio Ambiente e Políticas Públicas;
ESZP026-13;CS4118;Memória, Identidades Sociais e Cidadania nas Sociedades Complexas Contemporâneas;
ESZT006-13;CS3402;Mercado Imobiliário;
ESZM023-13;EN3821;Metalurgia Física;
MCZB022-13;BC1623;Metateoremas da Lógica Clássica ;
ESHC900-13;BH1403;Metodologia;
ESHR900-13;BH1229;Metodologia de Pesquisa em RI;
ESTS011-13;EN2224;Métodos Computacionais para Análise Estrutural;
ESZX010-13;EN3216;Métodos Computacionais para Análise Estrutural;
ESZM010-13;EN3810;Métodos Computacionais para o Estudo de Biomoléculas;
NHZ3040-13;NH2030;Métodos da Mecânica Quântica;
NHZ4025-09;NH3103;Métodos de Análise em Química Orgânica;
ESTB016-13;EN2327;Métodos de Elementos Finitos aplicados a Sistemas Biomédicos;
NHZ3041-09;NH2035;Métodos de Formação de Imagem e de Inspeção Nuclear;
MCZA014-13;MC4001;Métodos de Otimização;
ESHT010-13;BH1349;Métodos de Planejamento;
ESZU014-13;EN3109;Métodos de Tomada de Decisão Aplicados ao Planejamento Urbano-Ambiental ;
ESZP027-13;CS4119;Métodos e Técnicas Aplicadas às Políticas Públicas Ambientais;
ESZP028-13;CS4120;Métodos e Técnicas Aplicadas às Políticas Públicas Urbanas;
ESHT011-13;BH1350;Métodos e Técnicas de Análise de Informação para o Planejamento;
ESTO009-13;BC1707;Métodos Experimentais em Engenharia;
ESTB001-13;EN2318;Métodos Matemáticos aplicados a Sistemas Biomédicos;
MCZB023-13;BC1412;Métodos Numéricos em EDO's;
MCZB009-13;MC1199;Métodos Numéricos em EDP's;
NHT4026-09;NH3501;Métodos Quantitativos de Análise;
ESHP016-13;BH1227;Métodos Quantitativos para Ciências Sociais;
ESZU015-13;EN3110;Métodos Quantitativos para Planejamento Estratégico;
MCZB024-13;MC2203;Métodos Variacionais;
ESZG030-13;EN3512;Metrologia;
ESTU010-13;EN2105;Microbiologia Ambiental;
NHT1034-13;BC1606;Microbiologia I;
ESHC025-13;BH1130;Microeconomia I;
ESHC026-13;BH1133;Microeconomia II;
NHZ3042-09;NH2332;Microscopia Eletrônica;
MCZA015-13;MC5003;Mineração de Dados;
ESZX059-13;EN3536;Mineração de Dados Aplicada à Engenharia de Gestão;
NHZ4027-09;NH3802;Mineralogia;
ESHT012-13;BH1351;Mobilização Produtiva dos Territórios e Desenvolvimento Local;
NHT1035-13;BC1409;Modelagem de Sistemas Biológicos;
ESTB008-13;EN2322;Modelagem e Simulação de Sistemas Biomédicos;
ESTX029-13;EN2310;Modelagem, Simulação e Controle Aplicados a Sistemas Biológicos;
ESZG020-13;EN3514;Modelos de Comunicação nas Organizações;
ESZG032-13;EN3556;Modelos e Ferramentas de Gestão Ambiental;
ESZP004-13;CS3102;Modelos e Práticas Colaborativas em CT&I;
ESZC012-13;BH1330;Modelos Econômicos e Análise das Dinâmicas Territoriais;
MCZB025-13;MC2109;Módulos;
ESHC902-13;BH1420;Monografia I;
ESHC903-13;BH1421;Monografia II;
NHT1036-13;NH4906;Morfofisiologia Evolutiva;
ESZE018-13;EN3408;Motores de Combustão Interna;
ESZP029-13;CS4121;Movimentos Sindicais, Sociais e Culturais;
ESZC013-13;BH1407;Mudança Tecnológica e Dinâmica Capitalista na Economia Contemporânea;
ESZM002-13;EN3802;Nanociência e Nanotecnologia;
ESZM031-13;EN3829;Nanocompósitos;
NHZ3060-09;BC1613;Nascimento e Desenvolvimento da Ciência Moderna;
BCM0504-13;BC0504;Natureza da Informação;
ESZS008-13;EN3210;Navegação Inercial e GPS;
ESZG021-13;EN3549;Negociação e Solução de Conflitos Organizacionais;
ESZR009-13;CS3311;Negociações Internacionais, Propriedade Intelectual e Transferência Tecnológica;
MCTC004-13;MC8104;Neuroanatomia;
MCZC008-13;MC8109;Neuroarte;
MCTC005-13;MC8200;Neurobiologia do Comportamento;
MCTC006-13;MC8101;Neurobiologia Molecular e Celular;
ESZX022-13;EN3315;Neuromecânica do Movimento Humano;
ESZB012-13;EN3338;Neuromecânica do Movimento Humano;
NHZ3043-13;BC1306;Noções de Astronomia e Cosmologia;
ESZX136-13;EN3323;Normas de Segurança e Desempenho Aplicadas a Equipamentos Médicos e Hospitalares;
ESZE003-13;EN3449;Normas de Segurança para Sistemas Energéticos;
ESZX085-13;EN4110;Oceanografia Costeira para Engenharia Ambiental e Urbana;
ESHT014-13;BH1352;Oficina de Planejamento de Áreas Periurbanas, Interioranas e Rurais;
ESHT016-13;BH1353;Oficina de Planejamento e Governança Metropolitana;
ESHT013-13;BH1354;Oficina de Planejamento Macro e Meso Regional;
ESHT015-13;BH1355;Oficina de Planejamento Urbano;
ESZT007-13;CS3405;Oficina de Projeto Urbano;
ESTI009-13;EN2613;Ondas Eletromagnéticas Aplicadas;
ESTE009-13;EN2409;Operação de Sistemas Elétricos de Potência;
ESZE035-13;EN3421;Operações e Equipamentos Industriais I;
ESZE036-13;EN3422;Operações e Equipamentos Industriais II;
NHZ4028-09;NH3001;Operações Unitárias I;
NHZ4029-09;NH3106;Operações Unitárias II;
NHT3044-13;BC1219;Óptica;
ESZX141-13;EN3719;Óptica Integrada;
ESZA016-13;EN3717;Optoeletrônica;
ESZP005-13;CS3107;Orçamento e Política Orçamentária;
MCZA016-13;MC7105;Organização de Projeto;
ESTX060-13;EN2518;Organização do Trabalho;
ESTG012-13;EN2530;Organização do Trabalho;
BIL0304-13;BC0304;Origem da Vida e Diversidade dos Seres Vivos;
ESZX006-13;EN3208;Otimização em Projetos de Estruturas;
ESZS010-13;EN3228;Otimização em Projetos de Estruturas;
ESZX078-13;EN4103;Paisagismo e Gestão de Unidades de Conservação;
MCTA016-13;MC3308;Paradigmas de Programação;
NHZ1037-09;NH1012;Parasitologia;
MCZC001-13;MC8001;Patologias do Sistema Nervoso Central;
ESZT008-13;CS3410;Patrimônio Cultural e Paisagem ;
BHP0202-13;BH0202;Pensamento Crítico;
BHO0103-13;BH0103;Pensamento Econômico;
NHZ2051-11;NH5119;Pensamento Hegeliano e seus Desdobramentos Contemporâneos;
NHZ2052-11;NH5116;Pensamento Kantiano e seus Desdobramentos Contemporâneos;
ESZP006-13;CS3101;Pensamento Latino-Americano e Políticas de CT&I ;
NHZ2053-11;NH5117;Pensamento Marxista e seus Desdobramentos Contemporâneos;
NHZ2054-11;NH5118;Pensamento Nietzcheano e seus Desdobramentos Contemporâneos;
MCZB026-13;MC2313;Percolação ;
ESZP030-13;CS4122;Perspectiva de Análise do Estado e das Políticas Públicas;
NHZ2055-11;NH5110;Perspectivas Críticas da Filosofia Contemporânea;
MCTC007-13;MC8300;Pesquisa e Comunicação Científica;
NHZ2056-11;NH5132;Pesquisa em Filosofia;
ESTX062-13;EN2523;Pesquisa Operacional;
ESTG013-13;EN2531;Pesquisa Operacional;
ESZG006-13;EN3529;Pesquisa Operacional Aplicada;
ESZE064-13;EN4418;Petrofísica;
ESZS013-13;EN3215;Placas e Cascas;
ESZX097-13;EN4426;Planejamento da Operação de Sistemas Hidrotérmicos de Potência;
ESZX048-13;EN3511;Planejamento de Experimentos;
ESZI022-13;EN3627;Planejamento de Redes de Informação;
ESTG014-13;EN2529;Planejamento e Controle da Produção;
ESTX057-13;EN2509;Planejamento e Controle de Produção;
ESZG010-13;EN3520;Planejamento e Controle de Projetos;
ESZT009-13;CS3404;Planejamento e Gestão de Redes Técnicas e Sistemas Territoriais;
ESHT017-13;BH1356;Planejamento e Política Ambiental;
ESHT018-13;BH1357;Planejamento e Política Regional;
ESHT019-13;BH1358;Planejamento e Política Rural;
ESZG011-13;EN3550;Planejamento Estratégico em Gestão de Projetos;
ESTU011-13;EN2124;Planejamento Urbano e Metropolitano;
NHZ2057-11;NH5128;Poder e Cultura na Sociedade da Informação;
ESZT011-13;CS3411;Política Habitacional;
ESHR012-13;BH1337;Política Internacional dos EUA e da União Europeia;
ESHT020-13;BH1359;Política Metropolitana;
ESHT021-13;BH1360;Política Urbana;
ESZP007-13;BH1149;Políticas Culturais;
ESZC015-13;CS3208;Políticas de CT&I no Brasil: Arranjos Institucionais, Mecanismos de Incentivo e Desafios para o Desenvolvimento ;
ESZT010-13;CS3112;Políticas de Infraestrutura;
NHI5011-13;BC1624;Políticas Educacionais;
ESZP008-13;CS3109;Políticas Públicas de Gênero, Etnia e Geração;
ESZP009-13;BH1329;Políticas Públicas de Intervenção Territorial no Brasil;
ESHP017-13;BH1128;Políticas Públicas Sul-Americanas;
ESHP018-13;BH1108;Políticas Sociais;
ESTU012-13;EN2115;Poluição Atmosférica;
NHZ2058-11;NH5122;Pragmatismo;
NHH2059-13;BH1222;Prática de Ensino de Filosofia I;
NHH2060-13;BH1223;Prática de Ensino de Filosofia II;
NHH2061-13;BH1224;Prática de Ensino de Filosofia III;
NHH2062-13;BH1225;Prática de Ensino de Filosofia IV;
NHH2063-13;BH1226;Prática de Ensino de Filosofia V;
NHT5012-13;NH4304;Práticas de Ciências no Ensino Fundamental;
NHT1038-13;BC1305;Práticas de Ecologia;
NHT1039-13;NH4101;Práticas de Ensino de Biologia I;
NHT1040-13;NH4201;Práticas de Ensino de Biologia II;
NHT1041-13;NH4301;Práticas de Ensino de Biologia III;
NHT5013-13;BC1625;Práticas de Ensino de Ciências e Matemática no Ensino Fundamental;
NHT3045-13;NH4102;Práticas de Ensino de Física I;
NHT3046-13;NH4202;Práticas de Ensino de Física II;
NHT3047-13;NH4302;Práticas de Ensino de Física III;
MCTD014-13;MC8105;Práticas de Ensino de Matemática I;
MCTD012-13;MC8206;Práticas de Ensino de Matemática II;
MCTD013-13;MC8307;Práticas de Ensino de Matemática III;
MCTD011-13;MC8308;Práticas de Ensino de Matemática no Ensino Fundamental;
NHT4030-13;NH4103;Práticas de Ensino de Química I;
NHT4031-13;NH4203;Práticas de Ensino de Química II;
NHT4032-13;NH4303;Práticas de Ensino de Química III;
NHT5013-09;NH4801;Práticas de Ensino em Ciências e Matemática I;
NHZ4048-09;NH3107;Práticas de Escrita em Inglês para Química e Ciências Afins;
NHZ4033-09;NH3104;Práticas de Química Verde;
NHT4034-09;BC1304;Princípios de Análise Química;
ESTI004-13;EN2608;Princípios de Comunicação;
ESTB015-13;EN2326;Princípios de Ética em Serviços de Saúde;
ESTX030-13;EN2311;Princípios de Imagens Médicas;
ESTB009-13;EN2332;Princípios de Imagens Médicas;
NHT3048-13;NH4399;Princípios de Mecânica Quântica;
MCZB027-13;BC1436;Princípios de Simulação Matemática;
NHT3049-13;BC1330;Princípios de Termodinâmica;
ESTX027-13;EN2308;Princípios e Aplicações de Biomecânica;
ESTB007-13;EN2333;Princípios e Aplicações de Biomecânica;
ESZM011-13;EN3811;Princípios Moleculares em Biomateriais;
MCTB021-13;MC1202;Probabilidade;
MCZX023-13;BC1428;Probabilidade e Estatística;
NHH2064-13;BH1220;Problemas Metafísicos: Perspectivas Contemporâneas ;
NHH2065-13;BH1219;Problemas Metafísicos: Perspectivas Modernas;
BHP0203-13;BH0203;Problemas Metodológicos das Ciências Sociais;
ESZX067-13;EN3718;Processadores Digitais em Controle e Automação;
ESZA005-13;EN3727;Processadores Digitais em Controle e Automação;
BCM0505-13;BC0505;Processamento da Informação;
ESZM020-13;EN3818;Processamento de Cerâmicas;
ESZB010-13;EN3341;Processamento de Imagens Médicas;
ESZX105-13;EN3312;Processamento de Imagens Médicas;
ESZI003-13;EN3605;Processamento de Informação em Línguas Naturais;
MCZA017-13;MC7106;Processamento de Linguagem Natural;
MCTC008-13;MC8103;Processamento de Sinais Neurais;
ESZI009-13;EN3612;Processamento de Vídeo;
MCZX006-13;BC1505;Processamento Digital de Imagens;
MCZA018-13;MC7107;Processamento Digital de Imagens;
ESTI006-13;EN2610;Processamento Digital de Sinais;
ESZX015-13;EN3304;Processamento e Análise de Falhas em Biomateriais;
ESZB004-13;EN3326;Processamento e Análise de Falhas em Biomateriais;
ESTX028-13;EN2309;Processamento e Análise de Sinais Biomédicos;
ESZB003-13;EN3325;Processamento e Análise de Sinais Biomédicos;
ESZM026-13;EN3824;Processamento e Conformação de Metais;
ESZX044-13;EN3505;Processos Contínuos de Produção;
ESZX102-13;EN3537;Processos Contínuos de Produção;
ESZX139-13;EN3509;Processos de Produção na Indústria da Construção Civil;
ESZX112-13;EN3508;Processos Discretos de Produção;
MCZB028-13;MC2301;Processos Estocásticos;
NHZ4035-09;BC1440;Processos Industriais Orgânicos e Inorgânicos;
ESZE031-13;EN3417;Processos Termoquímicos de Conversão Energética;
ESZI011-13;EN3616;Programação de Dispositivos Móveis;
ESTI001-13;EN2622;Programação de Software Embarcado;
MCTA017-13;BC1432;Programação Matemática;
MCTA018-13;BC1501;Programação Orientada a Objetos;
MCZA019-13;MC0037;Programação para Web;
MCZA020-13;MC4002;Programação Paralela;
MCTC009-13;MC7007;Progressos e Métodos em Neurociência;
ESZX061-13;EN3603;Projeto de Alta Frequência;
ESZI020-13;EN3625;Projeto de Alta Frequência;
ESTS013-13;EN2225;Projeto de Elementos Estruturais de Aeronaves I;
ESZS015-13;EN3232;Projeto de Elementos Estruturais de Aeronaves II;
ESTX072-13;EN2618;Projeto de Filtros Digitais;
ESZI016-13;EN3621;Projeto de Filtros Digitais;
MCTA019-13;MC3104;Projeto de Graduação em Computação I;
MCTA020-13;MC7108;Projeto de Graduação em Computação II;
MCTA021-13;MC7109;Projeto de Graduação em Computação III;
ESZA014-13;EN3715;Projeto de Microdispositivos para Instrumentação;
MCZA021-13;MC6003;Projeto de Redes;
ESZI023-13;EN3628;Projeto de Sistemas de Comunicação;
ESZX068-13;EN3720;Projeto de Sistemas Digitais com VHDL e Implementação em FPGAs;
ESZI024-13;EN3629;Projeto de Sistemas Multimídia;
BIS0002-13;BC0002;Projeto Dirigido;
ESZB017-13;EN3335;Projeto e Desenvolvimento de Sistemas  para Análise de Dados Médicos;
ESZX108-13;EN3320;Projeto e Desenvolvimentos de Sistemas para Análise de Dados Médicos;
MCZA022-13;MC7115;Projeto Interdisciplinar;
ESZS026-13;EN3226;Projeto Térmico de Veículos Espaciais;
ESZG012-13;EN3521;Projetos Industriais;
ESTI011-13;EN2615;Propagação e Antenas;
ESTG015-13;EN2513;Propriedade Intelectual;
ESTM011-13;EN2817;Propriedades Elétricas, Magnéticas e Ópticas;
NHZ3050-09;NH2123;Propriedades Magnéticas e Eletrônicas;
ESTM010-13;EN2816;Propriedades Mecânicas e Térmicas;
ESZX011-13;EN3225;Propulsão Aeroespacial;
ESZS023-13;EN3222;Propulsão Aeroespacial Não-Convencional;
ESZG015-13;EN3551;Prospecção Tecnológica aplicada à Engenharia;
ESZE013-13;EN3454;Proteção de Sistemas Elétricos de Potência;
MCTC010-13;MC7006;Psicofarmacologia;
MCTC011-13;BC1006;Psicologia Cognitiva;
MCZC006-13;BC1901;Psicologia da Educação;
MCTC012-13;MC8100;Psicologia Experimental;
ESZX026-13;EN3402;Qualidade da Energia Elétrica;
ESZE007-13;EN3466;Qualidade da Energia Elétrica;
ESZB011-13;EN3331;Qualidade de Imagens Médicas;
ESTG016-13;EN2516;Qualidade em Sistemas;
ESZX115-13;EN4116;Questões Ambientais e Globais;
ESZU016-13;EN3116;Questões Ambientais Globais;
NHZ5014-09;NH4107;Questões Atuais no Ensino de Ciências;
NHZ4036-09;NH3812;Química Ambiental;
NHT4034-13;BC1399;Química Analítica Clássica I;
NHT4026-13;NH3599;Química Analítica Clássica II;
NHT4001-13;NH3598;Química Analítica Instrumental;
NHT4048-13;NH3904;Química de Coordenação;
ESZE066-13;EN4420;Química do Petróleo;
NHT4037-13;BC1302;Química dos Elementos;
NHZ4038-09;NH3005;Química dos Materiais;
NHZ4039-09;NH3002;Química Forense;
ESZM004-13;EN3804;Química Inorgânica de Materiais;
NHT4040-13;NH3902;Química Orgânica Aplicada;
ESZM003-13;EN3803;Química Orgânica de Materiais e Biomateriais;
NHT4041-13;NH3801;Química Orgânica Experimental;
NHZ3051-09;NH2222;Radiações Eletromagnéticas;
NHT0001-10;BC1205;Reações Nucleares;
ESZE038-13;EN3436;Reações Nucleares;
ESZM005-13;EN3805;Reciclagem e Ambiente;
ESZU023-13;BC1005;Recursos Hídricos;
MCZA023-13;MC6001;Redes Convergentes;
ESZI005-13;EN3608;Redes de Alta Velocidade;
ESZA009-13;EN3726;Redes de Barramento de Campo;
MCTA022-13;BC1513;Redes de Computadores;
ESZE014-13;EN3455;Redes de Distribuição de Energia Elétrica;
MCZA024-13;MC6006;Redes sem Fio;
ESZE027-13;EN3416;Refrigeração e Condicionamento de Ar;
ESHR013-13;BH1338;Regime Internacional dos Direitos Humanos e a Estratégia Brasileira;
ESZR010-13;CS3304;Regimes de Negociação Ambiental Internacional e a Estratégia Brasileira;
ESZR011-13;CS3312;Regimes de Negociação Comercial Internacional e a Estratégia Brasileira ;
ESZR012-13;CS3313;Regimes de Negociação Financeira Internacional e a Estratégia Brasileira ;
ESHP019-13;BH1121;Regimes e Formas de Governo;
ESTU013-13;EN2131;Regulação Ambiental e Urbana;
ESZP010-13;CS3108;Regulação e Agências Reguladoras no Contexto Brasileiro;
ESZC016-13;CS3209;Regulação e Instituições;
ESZE015-13;EN3457;Regulação e Mercado de Energia Elétrica;
ESHT022-13;BH1361;Regulação Urbanística e Ambiental;
ESHR014-13;BH1102;Relações Internacionais e Globalização;
ESTX083-13;EN2818;Reologia;
ESTM012-13;EN2822;Reologia I;
ESZM018-13;EN3832;Reologia II;
ESZE045-13;EN3443;Resíduos Nucleares;
ESTX001-13;EN2121;Resíduos Sólidos;
ESTU014-13;EN2139;Resíduos Sólidos;
ESZX140-13;EN3523;Riscos;
ESZA020-13;EN3704;Robôs Móveis Autônomos;
ESZT012-13;CS3412;Saneamento Ambiental;
ESTU015-13;EN2126;Saúde Ambiental;
MCTA023-13;BC1523;Segurança de Dados;
ESZE044-13;EN3442;Segurança de Instalações Nucleares;
ESZI008-13;EN3611;Segurança de Redes;
ESZT013-13;CS3413;Segurança dos Territórios;
MCZA025-13;MC6005;Segurança em Redes;
ESHR015-13;BH1339;Segurança Internacional em Perspectiva Histórica e Desafios Contemporâneos;
ESTM013-13;EN2819;Seleção de Materiais;
NHZ1042-09;NH1014;Seminários em Biologia I;
NHZ1043-09;NH1015;Seminários em Biologia II;
ESZM001-13;EN3801;Seminários em Materiais Avançados;
NHZ4042-09;NH3105;Seminários em Química I;
NHZ4043-09;NH3205;Seminários em Química II;
MCTC013-13;MC8099;Sensação e Percepção;
ESTA010-13;EN2712;Sensores e Transdutores;
ESZU017-13;EN3107;Sensoriamento Remoto;
ESZX082-13;EN4107;Sensoriamento Remoto;
MCTB022-13;BC1407;Sequências e Séries;
ESZA010-13;EN3706;Servo-Sistema para Robôs e Acionamento para Sistemas Mecatrônicos;
ESHR016-13;BH1154;SFI: de Bretton Woods ao non-sistema;
ESZM025-13;EN3823;Siderurgia e Engenharia dos Aços;
ESZG007-13;EN3525;Simulação de Modelos de Gestão;
ESZI010-13;EN3615;Simulação de Sistemas de Comunicação;
ESZS005-13;EN3207;Simulação de Voo e Ambientes Virtuais;
ESZM017-13;EN3816;Simulação e Processamento de Polímeros;
ESTI005-13;EN2609;Sinais Aleatórios;
ESZM016-13;EN3815;Síntese de Polímeros;
ESHR017-13;BH1340;Sistema ONU e os Desafios do Multilateralismo;
NHT1044-13;BC1321;Sistemas Biológicos I;
NHT1045-13;BC1322;Sistemas Biológicos II;
NHT1046-13;BC1324;Sistemas Biológicos III;
NHT1047-13;BC1325;Sistemas Biológicos IV;
ESTA014-13;EN2716;Sistemas CAD/CAM;
ESTX016-13;EN2117;Sistemas de Abastecimento de Águas;
ESTA003-13;EN2704;Sistemas de Controle I;
ESTA008-13;EN2710;Sistemas de Controle II;
ESZA001-13;EN3708;Sistemas de Controle III;
ESTX092-13;EN2118;Sistemas de Esgotos e Drenagem Urbana;
ESTU017-13;EN2138;Sistemas de Esgotos e Drenagem Urbana;
ESTX058-13;EN2512;Sistemas de Fabricação;
MCZA026-13;MC7114;Sistemas de Gerenciamento de Banco de Dados;
MCZA027-13;BC1510;Sistemas de Informação;
ESZX060-13;EN3602;Sistemas de Microondas;
ESZI019-13;EN3624;Sistemas de Micro-ondas;
ESZX027-13;EN3403;Sistemas de Potência I;
ESZE008-13;EN3460;Sistemas de Potência I;
ESZX028-13;EN3404;Sistemas de Potência II;
ESZE009-13;EN3456;Sistemas de Potência II;
ESTS017-13;EN2227;Sistemas de Propulsão I;
ESZS021-13;EN3231;Sistemas de Propulsão II;
ESTX093-13;EN2120;Sistemas de Tratamento de Águas e Efluentes;
ESTU018-13;EN2140;Sistemas de Tratamento de Águas e Efluentes;
MCTA024-13;MC3304;Sistemas Digitais;
MCTA025-13;MC3105;Sistemas Distribuídos;
ESTG020-13;EN2537;Sistemas e Processos de Produção;
ESZE024-13;EN3465;Sistemas Fluidomecânicos;
ESTX061-13;EN2519;Sistemas Integrados de Gestão da Qualidade Ambiental, Segurança e Saúde;
ESZI014-13;EN3619;Sistemas Inteligentes;
ESTI013-13;EN2617;Sistemas Microprocessados;
MCZA028-13;MC5001;Sistemas Multiagentes;
MCZA029-13;MC7102;Sistemas Multimídia;
MCTA026-13;BC1518;Sistemas Operacionais;
ESTX039-13;EN2404;Sistemas Térmicos;
ESTE014-13;EN2426;Sistemas Térmicos;
NHT1048-13;NH1602;Sistemática e Biogeografia;
ESHR018-13;BH1155;Sociedade Civil Organizada Global;
ESZX049-13;EN3515;Sociologia das Organizações;
ESHT023-13;BH1362;Sociologia dos Territórios;
ESTX041-13;EN2407;Subestação e Equipamentos;
ESZE006-13;EN3452;Subestação e Equipamentos;
ESZE005-13;EN3451;Supervisão e Confiabilidade de Projetos Energéticos;
ESZX066-13;EN3716;Supervisão e Monitoramento de Processos Energéticos;
ESZA015-13;EN3728;Supervisão e Monitoramento de Processos Energéticos;
ESHR019-13;BH1341;Surgimento da China como Potência Mundial;
ESZT014-13;CS3407;Sustentabilidade e Indicadores;
ESHR901-13;BH1422;TCC de Relações Internacionais I;
ESHR902-13;BH1423;TCC de Relações Internacionais II;
NHZ4044-09;NH3003;Técnicas Aplicadas a Processos Biotecnológicos;
ESZX042-13;EN3501;Técnicas Avançadas de Gestão da Produção;
ESTX014-13;EN2209;Técnicas de Análise Estrutural e Projeto;
ESTS010-13;EN2233;Técnicas de Análise Estrutural e Projeto;
ESZX135-13;EN3317;Técnicas de Análise Estrutural e Projeto de Sistemas Dinâmicos;
ESZX134-13;EN3313;Técnicas de Imageamento e Metrologia Óptica no Macro e Microdiagnóstico de Sistemas Biológicos;
ESZG004-13;EN3547;Técnicas de Tomadas de Decisão aplicáveis em Modelos de Dependência ;
ESZG005-13;EN3548;Técnicas de Tomadas de Decisão aplicáveis em Modelos de Interdependência ;
ESHC901-13;BH1406;Técnicas em Pesquisa;
ESZS022-13;EN3220;Técnicas Experimentais em Propulsão;
ESZB009-13;EN3330;Técnicas Modernas em Fotodiagnóstico;
ESZB008-13;EN3329;Técnicas Modernas em Fototerapia;
ESZX103-13;EN3311;Técnicas Nucleares Aplicadas às Ciências da Saúde;
ESZE017-13;EN3407;Tecnologia da Combustão;
ESTG018-13;EN2515;Tecnologia da Informação;
ESZM013-13;EN3812;Tecnologia de Elastômeros;
ESZX036-13;EN3420;Tecnologia de Produção de Biodiesel;
ESZX035-13;EN3419;Tecnologia de Produção de Etanol;
ESZX062-13;EN3607;Tecnologia de Redes Ópticas;
ESZI018-13;EN3623;Tecnologia de Redes Ópticas;
NHZ3052-13;NH2041;Tecnologia do Vácuo e Criogenia;
ESZX138-13;EN3447;Tecnologias Emergentes de Conversão Energética;
ESZP031-13;CS4123;Tecnologias Sociais;
ESTI014-13;EN2619;Telefonia Fixa Moderna;
ESZB016-13;EN3334;Telemedicina e Sistemas de Apoio a Decisão;
ESHP020-13;BH1305;Temas Contemporâneos;
ESZG027-13;EN3552;Temas Contemporâneos de Custos em Sistemas de Gestão;
NHZ2066-11;NH5133;Temas da Filosofia Antiga;
NHZ2067-11;NH5136;Temas da Filosofia Contemporânea;
NHZ2068-11;NH5134;Temas da Filosofia Medieval;
NHZ2069-11;NH5135;Temas da Filosofia Moderna;
NHZ2070-11;NH5123;Temas de Lógica;
BHP0201-13;BH0201;Temas e Problemas em Filosofia;
ESTG019-13;EN2508;Tempos, Métodos e Arranjos Físicos;
MCTD015-13;MC8209;Tendências em Educação Matemática;
MCTB023-13;BC1405;Teoria Aritmética dos Números;
MCZB030-13;BC1402;Teoria Axiomática dos Conjuntos;
NHZ3053-13;NH2022;Teoria Clássica dos Campos;
NHZ2071-11;NH5112;Teoria Crítica e Escola de Frankfurt;
NHT2081-09;BC1611;Teoria da Ciência;
ESZS011-13;EN3213;Teoria da Elasticidade;
ESTI008-13;EN2612;Teoria da Informação e Códigos;
MCTB020-13;MC1104;Teoria da Medida e Integração;
MCZB033-13;BC1622;Teoria da Recursão e Computabilidade;enviada 14/11
NHT3054-13;BC1220;Teoria da Relatividade;
ESZG008-13;EN3527;Teoria das Decisões;
MCTX008-13;MC1308;Teoria das Distribuições;
MCZB032-13;MC2311;Teoria das Filas;
ESZA006-13;EN3721;Teoria de Controle Ótimo;
ESZI006-13;EN3609;Teoria de Filas e Análise de Desempenho;
NHZ3056-13;NH2040;Teoria de Grupos em Física;
NHZ5015-09;BC1013;Teoria do Conhecimento Científico;
NHH2072-13;BH1217;Teoria do conhecimento: a epistemologia contemporânea;
NHH2073-13;BH1215;Teoria do Conhecimento: Empirismo versus Racionalismo;
ESTU019-13;EN2102;Teoria do Planejamento Urbano e Ambiental;
MCTA027-13;BC1429;Teoria dos Grafos;
MCZB031-13;MC2206;Teoria dos Jogos;
NHT3055-13;BC1218;Teoria Eletromagnética;
ESHR020-13;BH1156;Teorias Contemporâneas de RI ;
BHP0206-13;BH0206;Teorias da Justiça;
ESTO010-13;BC1309;Termodinâmica Aplicada I;
ESTX043-13;EN2413;Termodinâmica Aplicada II;
ESTE010-13;EN2427;Termodinâmica Aplicada II;
ESTM009-13;EN2815;Termodinâmica Estatística de Materiais;
ESZE042-13;EN3439;Termo-Hidráulica de Reatores Nucleares I;
ESZE043-13;EN3441;Termo-Hidráulica de Reatores Nucleares II;
NHT4045-13;NH3602;Termoquímica;
ESZT015-13;CS3414;Território e Logística;
BHQ0301-13;BH0301;Território e Sociedade;
ESZP032-13;CS4124;Terrorismo, Violência e Segurança Pública;
MCZC009-13;MC8107;Tomada de Decisões e Neuroeconomia;
ESZC018-13;CS3211;Tópicos Avançados em Macroeconomia;
NHZ2074-11;NH5137;Tópicos Avançados em Modalidades: Lógica Deôntica e Lógica Epistêmica;
ESTM003-13;EN2809;Tópicos Computacionais em Materiais;
NHZ2075-11;NH5106;Tópicos de História da Ciência;
NHZ2076-11;NH5125;Tópicos de Lógicas Não-Clássicas;
NHZ2078-08;NH1001;Tópicos de Metodologia da Ciência;
ESZE016-13;EN3458;Tópicos de Otimização em Sistemas Elétricos de Potência e Aplicações;
NHZ3057-09;NH2002;Tópicos em Física Contemporânea;
NHZ3058-09;NH2001;Tópicos em Física Experimental;
NHZ2077-11;NH5120;Tópicos em Teoria do Conhecimento;
ESZU018-13;EN3123;Tópicos Especiais em Engenharia Ambiental e Urbana;
ESZX095-13;EN4123;Tópicos Especiais em Engenharia Ambiental e Urbana;
ESZG022-13;EN3553;Tópicos Especiais em Engenharia Organizacional;
ESTX082-13;EN2806;Tópicos Experimentais em Materiais;
ESTM002-13;EN2821;Tópicos Experimentais em Materiais I;
ESZM012-13;EN3831;Tópicos Experimentais em Materiais II;
MCTB026-13;MC1204;Topologia I;
NHZ1050-09;NH1016;Toxicologia;
ESHP900-13;BH1424;Trabalho de Conclusão de Curso de Políticas Públicas I;
ESHP901-13;BH1425;Trabalho de Conclusão de Curso de Políticas Públicas II;
NHT1049-13;NH1017;Trabalho de Conclusão de Curso em Biologia;
NHT3059-13;NH2000;Trabalho de Conclusão de Curso em Física;
MCTB024-13;MC2110;Trabalho de Conclusão de Curso em Matemática I;
MCTB025-13;MC2111;Trabalho de Conclusão de Curso em Matemática II;
MCTB027-13;;Trabalho de Conclusão de Curso em Matemática III;
NHT4046-13;NH3201;Trabalho de Conclusão de Curso em Química;
ESHT900-13;BH1426;Trabalho de Conclusão de Curso I;
ESHT901-13;BH1427;Trabalho de Conclusão de Curso II;
ESTX100-13;EN1007;Trabalho de Graduação I;
ESTS902-13;EN1203;Trabalho de Graduação I em Engenharia Aeroespacial;
ESTU902-13;EN1103;Trabalho de Graduação I em Engenharia Ambiental e Urbana;
ESTB902-13;EN1303;Trabalho de Graduação I em Engenharia Biomédica;
ESTE902-13;EN1403;Trabalho de Graduação I em Engenharia de Energia;
ESTG902-13;EN1503;Trabalho de Graduação I em Engenharia de Gestão;
ESTI902-13;EN1603;Trabalho de Graduação I em Engenharia de Informação;
ESTA902-13;EN1703;Trabalho de Graduação I em Engenharia de Instrumentação, Automação e Robótica;
ESTM902-13;EN1803;Trabalho de Graduação I em Engenharia de Materiais;
ESTX101-13;EN1008;Trabalho de Graduação II;
ESTS903-13;EN1204;Trabalho de Graduação II em Engenharia Aeroespacial;
ESTU903-13;EN1104;Trabalho de Graduação II em Engenharia Ambiental e Urbana;
ESTB903-13;EN1304;Trabalho de Graduação II em Engenharia Biomédica;
ESTE903-13;EN1404;Trabalho de Graduação II em Engenharia de Energia;
ESTG903-13;EN1504;Trabalho de Graduação II em Engenharia de Gestão;
ESTI903-13;EN1604;Trabalho de Graduação II em Engenharia de Informação;
ESTA903-13;EN1704;Trabalho de Graduação II em Engenharia de Instrumentação, Automação e Robótica;
ESTM903-13;EN1804;Trabalho de Graduação II em Engenharia de Materiais;
ESTX102-13;EN1009;Trabalho de Graduação III;
ESTS904-13;EN1205;Trabalho de Graduação III em Engenharia Aeroespacial;
ESTU904-13;EN1105;Trabalho de Graduação III em Engenharia Ambiental e Urbana;
ESTB904-13;EN1305;Trabalho de Graduação III em Engenharia Biomédica;
ESTE904-13;EN1405;Trabalho de Graduação III em Engenharia de Energia;
ESTG904-13;EN1505;Trabalho de Graduação III em Engenharia de Gestão;
ESTI904-13;EN1605;Trabalho de Graduação III em Engenharia de Informação;
ESTA904-13;EN1705;Trabalho de Graduação III em Engenharia de Instrumentação, Automação e Robótica;
ESTM904-13;EN1805;Trabalho de Graduação III em Engenharia de Materiais;
ESZR013-13;CS3314;Trajetória da OPEP e da Agência Internacional de Energia (IEA);
ESZR014-13;CS3301;Trajetória de Desenvolvimento de Países Exportadores de Petróleo;
ESZR015-13;CS3315;Trajetória dos Investimentos Produtivos no Brasil e do Brasil;
ESHR021-13;BH1342;Trajetória Internacional do Continente Africano e do Oriente Médio;
ESHP021-13;BH1402;Trajetórias das Políticas de CT&I no Brasil;
ESTS018-13;EN2229;Transferência de Calor Aplicada a Sistemas Aeroespaciais;
ESZX012-13;EN3227;Transferência de Calor Aplicada a Sistemas Aeroespaciais;
ESZE029-13;EN3473;Transferência de Calor e Mecânica dos Fluidos Computacional I;
ESZE030-13;EN3474;Transferência de Calor e Mecânica dos Fluidos Computacional II;
ESTE012-13;EN2410;Transferência de Calor I;
ESTE013-13;EN2411;Transferência de Calor II;
ESZX030-13;EN3410;Transferência de Calor Industrial;
ESZE020-13;EN3467;Transferência de Calor Industrial;
ESTU020-13;EN2103;Transferência de Massa;
ESZG016-13;EN3554;Transferência de Tecnologia;
BCL0308-13;BC0308;Transformações Bioquímicas;
BCL0306-13;BC0306;Transformações nos Seres Vivos e Ambiente;
BCL0307-13;BC0307;Transformações Químicas;
NHZ4047-09;NH3102;Transformações Químicas no Meio Ambiente;
ESTI003-13;BC1509;Transformadas em Sinais e Sistemas Lineares;
ESTX095-13;EN2607;Transformadas em Sinais e Sistemas Lineares;
ESZE065-13;EN4419;Transporte de Petróleo e Gás Natural;
ESZU019-13;EN3112;Transportes e Meio Ambiente;
ESTX003-13;EN2123;Transportes e Mobilidade Urbana;
ESTU021-13;EN2136;Transportes e Mobilidade Urbana;
ESZU020-13;EN3104;Transportes, Uso e Ocupação do Solo;
ESZE028-13;EN3434;Tubulações Industriais;
ESZX032-13;EN3412;Turbinas Térmicas de Potência;
ESZI004-13;EN3606;TV Digital;
ESZU021-13;EN3126;Unidades de Conservação da Natureza;
ESZP033-13;CS4125;Universo das Instituições Políticas no Brasil;
ESZT016-13;CS3403;Urbanização Brasileira;
ESHT024-13;BH1363;Uso do Solo Urbano;
ESTX047-13;EN2417;Uso Final de Energia e Eficiência Energética;
ESZE056-13;EN3463;Uso Final de Energia e Eficiência Energética;
ESZE026-13;EN3415;Ventilação Industrial e Ar Comprimido;
ESTS008-13;EN2221;Vibrações;
ESTX016-13;EN2212;Vibrações Lineares;
MCZA030-13;BC1511;Vida Artificial na Computação;
NHZ1051-09;NH1018;Virologia;
ESZA019-13;EN3702;Visão Computacional;
MCZA031-13;MC5006;Web Semântica;
